Name,Age,Experience,Salary
Paul99,27,6,33911
Harsha62,27,1,34855
Sudhanshu39,26,6,31636
Harsha11,29,3,21486
Paul8,30,3,31385
Shubham16,30,6,43939
Paul56,31,3,38991
Krish48,35,4,28048
Harsha94,27,6,32582
Sunny56,35,11,42975
Paul19,32,11,46254
Harsha47,25,3,40461
Sudhanshu88,30,1,27584
Paul20,33,4,37996
Paul49,34,2,32770
Sudhanshu48,23,3,36582
Krish91,27,2,32070
Harsha54,26,1,26777
Sunny61,21,0,22385
Sunny48,24,1,35679
Sunny9,33,13,47186
Shubham29,27,3,23675
Krish16,23,0,27857
Krish89,29,1,30043
Krish38,25,4,26483
Krish69,21,1,21575
Krish88,28,1,21241
Krish45,28,8,33926
Krish57,35,4,26307
Sudhanshu27,21,0,19270
Sunny72,26,3,35152
Harsha3,24,1,30734
Paul80,34,10,53092
Krish15,21,1,20695
Harsha9,31,9,36937
Krish94,34,4,39895
Shubham34,28,2,23559
Sunny89,24,4,24437
Sunny72,35,0,18890
Sunny10,31,10,44996
Paul83,35,10,38243
Krish97,22,1,22919
Krish32,33,5,37586
Harsha54,29,6,44064
Sunny39,24,0,15732
Harsha15,31,5,38339
Harsha66,27,2,23902
Sudhanshu39,33,1,27543
Sunny72,25,2,25792
Paul12,29,0,22044
Harsha65,21,1,22144
Harsha75,34,4,25862
Sunny56,35,15,62455
Krish93,29,7,34797
Krish19,28,1,20003
Krish89,28,4,30030
Shubham53,35,13,55422
Sudhanshu5,30,2,31477
Paul81,27,2,22854
Shubham8,26,4,27971
Krish89,21,0,30656
Sudhanshu54,27,2,34019
Sudhanshu43,30,3,35259
Harsha63,32,0,32525
Sunny74,35,11,49479
Shubham77,26,3,24675
Harsha78,27,4,30416
Sudhanshu73,21,1,19098
Sunny11,27,4,25661
Sudhanshu4,31,7,33853
Sunny79,30,6,30140
Paul35,29,5,36949
Paul92,23,3,32042
Sudhanshu39,29,2,35587
Harsha66,32,4,33477
Sudhanshu67,32,11,49509
Harsha36,27,4,29524
Sunny98,32,8,48332
Sunny22,27,0,27189
Krish87,22,1,33162
Sunny59,25,0,25141
Shubham85,24,4,30609
Shubham58,25,1,28149
Sunny3,34,7,47846
Krish46,35,12,41007
Sunny72,25,5,37210
Paul33,33,11,41075
Sunny46,31,9,33210
Shubham12,25,2,37979
Sudhanshu77,33,2,38628
Sudhanshu98,24,0,24945
Sunny92,25,3,22969
Paul75,34,6,27160
Paul66,33,4,25075
Shubham25,28,4,36464
Sunny51,25,2,26370
Shubham75,34,5,43053
Sunny34,30,2,25911
Krish82,21,0,17426
Shubham6,26,1,17256
